MANufACTuRERS NAME,BuSINESS NAME,STATE.0,DATE Of ACCIDENT,Time of Accident,PM,VEhICLE YEAR,MAkE,MODEL,STATE VEhICLE IS REGISTERED IN,section 2  accident infoRmation.0,section 2  accident infoRmation.1.0,section 2  accident infoRmation.1.1.0,section 2  accident infoRmation.1.1.1.0,section 2  accident infoRmation.1.1.1.1,Stopped in Traffic,NuMBER Of VEhICLES INVOLVED,None,MODEL_2,Moving_2,NuMBER Of VEhICLES INVOLVED_2,ADDRESS_2.1.0.1,Conventional Mode,WEATHER A 1,WEATHER A 2,LIGHTING A 1,LIGHTING A 2,ROADWAY A 1,ROADWAY A 2,ROAD CONDITIONS D 1,ROAD CONDITIONS D 2,MOVEMENT A 1,MOVEMENT  I 2,TYPE B 1,TYPE B 2,PROGRAM DIRECTORAuThORIZED REPRESENTATIVE PRINTED NAME AND TITLE,DATE SIGNED,source_file,AM,minor,Left Front Corner 1,Left Front Corner 3,VEhICLE YEAR_2,STATE VEhICLE IS REGISTERED IN_2,STATE_2,ROAD CONDITIONS H 1,ROAD CONDITIONS H 2,MOVEMENT  G 2,TYPE A 1,TYPE C 2,Right Rear 1,Right Rear 3,LIGHTING C 1,LIGHTING C 2,TYPE C 1,Moving,Moderate,Front Bumper,Right Front Corner 3,WEATHER B 1,WEATHER B 2,MOVEMENT  B 1,MOVEMENT  D 2,TYPE D 2,Right Rear Passenger 2,Front Passenger Side 4,Autonomous Mode,MOVEMENT  D 1,TYPE E 1,Left Rear 1,Passenger,Rear Bumper,MOVEMENT A 2,Injured,Passenger_2,MOVEMENT  B 2,TYPE A 2,Bicyclist,Right Front Corner 2,MOVEMENT  M 2,Left Rear 2,Left Rear Passenger 1,MOVEMENT  E 2,Front Driver Side 3,WEATHER C 1,WEATHER C 2,ROADWAY B 1,ROADWAY B 2,MOVEMENT  L 2,TYPE D 1,undefined,Other,TYPE H 1,OTHER A NO,OTHER H NO,OTHER J,CITY_2.1.1.0,Injured_2,Driver,MOVEMENT  E 1,MOVEMENT  R 2,STATE_4.0,ZIP CODE_2.0,Left Front Corner 2,Right Front Corner 1,Right Rear Passenger 4,undefined_2,Other_2,OTHER A YES,Left Rear Passenger 3,Bicyclist_2,MOVEMENT  K 2,MOVEMENT  O 1,MOVEMENT  H 2,ROAD CONDITIONS E 2,ROAD CONDITIONS G 2,OTHER E,Proper ty_2,MOVEMENT J 1,DRIVERS fuLL NAME First Middle last_2,MOVEMENT  H 1,Right Rear 2,INSuRANCE COMPANY NAME OR SuRETY COMPANY AT TIME Of ACCIDENT_2,MOVEMENT  L 1,MOVEMENT  G 1,MOVEMENT  O 2,LIGHTING B 1,LIGHTING B 2,MOVEMENT  K 1,Front Passenger Side 2,Front Driver Side 1,MOVEMENT  N 2,Stopped in Traffic_2,MOVEMENT J 2,Bicyclist_3,OTHER C,TYPE H 2,WEATHER E 1,WEATHER E 2,major,OTHER K,MOVEMENT  Q 2,OTHER D
Waymo LLC,Waymo LLC,CA,03/24/2021,07:45,,2017,Chrysler,Pacifica,CA,Lomita Avenue at Aloha Avenue,San Francisco,San Francisco,CA,94122,,2,,Ford F-250,,2,"A Waymo Autonomous Vehicle (“Waymo AV”) traveling northbound on Lomita Avenue approaching Aloha Avenue in San Francisco was involved in a collision. While being driven in manual mode and approaching an oncoming passenger vehicle, the Waymo AV’s passenger side view mirror made contact with an unoccupied parked passenger vehicle’s driver side view mirror at approximately 17 MPH. The Waymo AV sustained minor damage to its passenger side view mirror, and the unoccupied passenger vehicle sustained minor damage to its driver side view mirror. No injuries were reported at the scene.",/ ,/Yes,/Yes,/Yes,/Yes,/Yes,/Yes,,,,,/Yes,,"Matt Salwasser, Program Manager",04/02/2021,Waymo_032421.pdf,/ ,/Yes,,,,CA,,/Yes,/Yes,,,,,,,,,/ ,,,,,,/Yes,,,,/Yes,,,,,,,,,,,,,,,,,,,,,,,,,,,,,,,,,,,,,,,,,,,,,,,,,,,,,,,,,,,,/Yes,,,,,,,,,,,,,,,,,
Waymo LLC,Waymo LLC,CA,03/30/2021,08:20,,2021,Jaguar,I-Pace,MI,Filbert Street at Scott Street,San Francisco,San Francisco,CA,94123,,2,,Honda Civic,,2,"A Waymo Autonomous Vehicle (“Waymo AV”) traveling westbound on Filbert Street at Scott Street in San Francisco was involved in a collision. After coming to a complete stop in autonomous mode, the Waymo AV switched to reverse gear in preparation for making a multipoint turn. Within fractions of a second, the test driver applied the accelerator pedal to disengage autonomous mode. The Waymo AV made contact with a passenger vehicle that was stopped behind it at approximately 3 MPH. The Waymo AV sustained minor damage to its rear bumper, and the passenger vehicle sustained minor damage to its front bumper. No injuries were reported at the scene.",/ ,/Yes,/Yes,/Yes,/Yes,/Yes,/Yes,,,,,,,"Matt Salwasser, Program Manager",04/08/2021,Waymo_033021.pdf,/ ,/Yes,,,2010,CA,CA,/Yes,/Yes,,,,/Yes,,,,,/ ,,,,,,,,,,,,,,,,/Yes,/Yes,,,,,,,,,,,,,,,,,,,,/Yes,,,,,,,,,,,,,,,,,,,,,,,,,,,,,,,,/Yes,,,,,,,,/ ,,,,,,,,,,
Waymo LLC,Waymo LLC,CA,03/31/2021,10:33,/ ,2017,Chrysler,Pacifica,CA,9th Street at Howard Street,San Francisco,San Francisco,CA,94103,,2,,Ford Transit,/ ,2,"A Waymo Autonomous Vehicle (“Waymo AV”) traveling northbound in manual mode on 9th Street approaching Howard Street in San Francisco was involved in a collision. The Waymo AV test driver was slowing for stopped traffic ahead when a passenger vehicle behind the Waymo AV made contact with the Waymo AV’s rear bumper at approximately 7 MPH. The Waymo AV was traveling at approximately 2 MPH. The Waymo AV sustained minor damage to its rear bumper, and the passenger vehicle sustained minor damage to its front bumper. The Waymo AV test driver and co-driver both sought medical attention at the scene and were transported to local hospitals.",/ ,/Yes,/Yes,,,/Yes,/Yes,,,,,,,"Matt Salwasser, Program Manager",04/09/2021,Waymo_033121.pdf,,/Yes,,,2015,CA,CA,/Yes,/Yes,,,/Yes,/Yes,,/Yes,/Yes,,/ ,,,,,,,,,,,,,,/Yes,,/Yes,,/ ,/ ,/Yes,,,,,,,,,,,,,,,,,,,,,,/ ,/ ,,,,,,,,,,,,,,,,,,,,,,/Yes,,,,,,,,,,,,,,,,,,,,,,
Waymo LLC,Waymo LLC,CA,04/04/2021,08:50,,2017,Chrysler,Pacifica,CA,Jones Street at Clay Street,San Francisco,San Francisco,CA,94109,,2,,Honda CR-V,,2,"A Waymo Autonomous Vehicle (“Waymo AV”) traveling northbound on Jones Street approaching Clay Street in San Francisco was involved in a collision. After the Waymo AV made a right turn from Pleasant Street in autonomous mode, the Waymo AV test driver disengaged autonomous mode to maneuver past an oncoming vehicle on Jones Street that was drifting toward the Waymo AV. While in manual mode, the Waymo AV’s passenger side view mirror then made contact with an unoccupied parked passenger vehicle’s driver side view mirror at approximately 6 MPH. The Waymo AV sustained minor damage to its passenger side view mirror. The unoccupied passenger vehicle’s driver-side mirror was cracked, but most or all of the damage appeared to have been pre-existing. No other damage was observed to the unoccupied passenger vehicle. No injuries were reported at the scene.",/ ,/Yes,/Yes,/Yes,/Yes,/Yes,/Yes,,,,,/Yes,,"Matt Salwasser, Program Manager",04/13/2021,waymo_040421.pdf,/ ,/Yes,,,2016,CA,,/Yes,/Yes,,,,,,,,,/ ,,,,,,/Yes,,,,/Yes,,,,,,,,,,,,,,,,,,,,,,,,,,,,,,,,,,,,,,,,,,,,,,,,,,,,,,,,,,,,/Yes,,,,,,,,,,,,,,,,,
Waymo LLC,Waymo LLC,CA,04/17/2021,04:03,,2017,Chrysler,Pacifica,CA,Harrison Street at Hawthorne Street,San Francisco,San Francisco,CA,94107,,2,,Nissan Sentra,/ ,2,"A Waymo Autonomous Vehicle (“Waymo AV”) traveling southbound on Harrison Street approaching Hawthorne Street in San Francisco was involved in a collision. While in manual mode, the Waymo AV’s test driver was braking for a red light at Hawthorne Street when a passenger vehicle behind the Waymo AV made contact with the Waymo AV’s rear bumper at approximately 12 MPH. The Waymo AV was traveling approximately 2 MPH. The Waymo AV sustained minor damage to its rear bumper, and the passenger vehicle sustained minor damage to its front bumper. No injuries were reported at the scene.",/ ,/Yes,/Yes,,,/Yes,/Yes,,,,,,,"Matt Salwasser, Program Manager",04/26/2021,Waymo_041721.pdf,/ ,/Yes,,,2010,CA,,/Yes,/Yes,,,/Yes,,,/Yes,/Yes,,/ ,,,,,,,,,,,,,,/Yes,,/Yes,,,,/Yes,,,,,,,,,,,,,,,,,,,,,,,,,,,,,,,,,,,,,,,,,,,,,/Yes,,,,,,,,,,,,,,,,,,,,,,
Waymo LLC,Waymo LLC,CA,04/18/2021,04:00,/ ,2017,Chrysler,Pacifica,CA,Park Presidio Bypass approaching Crossover Drive,San Francisco,San Francisco,CA,94121,/ ,2,,Dodge Ram,/ ,2,"A Waymo Autonomous Vehicle (“Waymo AV”) traveling southbound on Park Presidio Bypass approaching Crossover Drive in San Francisco was involved in a collision. While in autonomous mode, the Waymo AV was stationary in stop-and-go traffic when a passenger vehicle behind the Waymo AV made contact with the Waymo AV’s rear bumper at approximately 5 MPH. The Waymo AV was traveling 0 MPH. The Waymo AV sustained minor damage to its rear bumper, and the passenger vehicle sustained minor damage to its front bumper. No injuries were reported at the scene.",,/Yes,/Yes,/Yes,/Yes,/Yes,/Yes,,,/Yes,,,,"Matt Salwasser, Program Manager",04/26/2021,Waymo_041821.pdf,,/Yes,,,2019,CA,CA,/Yes,/Yes,,,/Yes,,,,,,,,,,,,,,,,,/ ,,,,,/Yes,,,,/Yes,,,,,,,,,,,,,,,,,,,,,,,,,,,,,,,,,,,,,,,,,,,,,,,,,,,,,,,,,,,,,,,,,,,
Waymo LLC,Waymo LLC,CA,06/02/2021,9:00,,2021,Jaguar,I-Pace,CA,Eugenia Avenue at Elsie Street,San Francisco,San Francisco,CA,94110,,2,,Ford Ranger,,2,"A Waymo Autonomous Vehicle (“Waymo AV”) traveling eastbound in reverse on Eugenia Avenue at Elsie Street in San Francisco was involved in a collision. While in manual mode, the Waymo AV test driver was backing up on a narrow street in order to make room for an oncoming passenger vehicle to pass. As the Waymo AV test driver reversed, the Waymo AV’s rear passenger’s side sensor housing came in contact with an unoccupied parked passenger vehicle’s driver’s side rear fender. The Waymo AV was traveling approximately 1 MPH. The Waymo AV sustained minor damage to its rear passenger’s side sensor housing, and the unoccupied parked passenger vehicle’s sustained minor damage to its driver’s side rear fender. No injuries were reported at the scene.",/ ,/Yes,/Yes,/Yes,/Yes,/Yes,/Yes,,,,,/Yes,,"Matt Salwasser, Program Manager",06/11/2021,Waymo_060221_1.pdf,/ ,/Yes,,,,CA,,/Yes,/Yes,,,,,/Yes,,,,/ ,,,,,,,,,,,,,,,,,,,,,,,,,,,,,,,,,,,,,,,,,,,,,,,,,,,,,,,,,,,,,,,,,,,,,/Yes,/Yes,,,,,,,,,,,,,,,,,
Waymo LLC,Waymo LLC,CA,06/02/2021,09:10,,2021,Jaguar,I-Pace,MI,Buchanan Street and Vallejo Street,San Francisco,San Francisco,CA,94123,,2,,BMW 328i,,2,"A Waymo Autonomous Vehicle (“Waymo AV”) traveling northbound on Buchanan Street toward Green Street in San Francisco was involved in a collision. While in manual mode and parked parallel to the curb on Buchanan Street, the Waymo AV test driver accelerated from the stationary position and made contact with an unoccupied parked passenger vehicle in front of it. The Waymo AV sustained moderate damage to its front bumper and grille, and the unoccupied parked passenger vehicle’s sustained moderate damage to rear bumper and trunk. No injuries were reported at the scene.",/ ,/Yes,/Yes,/Yes,/Yes,/Yes,/Yes,,,,,,,"Matt Salwasser, Program Manager",06/11/2021,Waymo_060221_2.pdf,/ ,,,/Yes,,CA,,/Yes,/Yes,,,,,,,,/Yes,/ ,/Yes,/Yes,/Yes,,,/Yes,,,,,,,,,,,,,,,,,,,,,,,,,,,,,,,,,,,,,,,,,,,,,,,,,,,,,,,,,,,,,,,,/Yes,,,,,,,,,,,,,,,,,
Waymo LLC,Waymo LLC,CA,06/03/2021,05:52,/ ,2017,Chrysler,Pacifica,CA,Laguna Street at Vallejo Street,San Francisco,San Francisco,CA,94123,/ ,2,,Toyota Prius,/ ,2,"A Waymo Autonomous Vehicle (“Waymo AV”) traveling northbound on Laguna Street at Vallejo Street in San Francisco was involved in a collision. While in manual mode, the Waymo AV test driver stopped at the four-way stop sign intersection on Laguna Street at Vallejo Street when a passenger vehicle behind the Waymo AV made contact with the Waymo AV’s rear bumper at approximately 2 MPH. The Waymo AV was traveling 0 MPH. The Waymo AV sustained minor damage to its rear bumper, and the passenger vehicle left the scene before exchanging information. No injuries were reported at the scene.",/ ,/Yes,/Yes,/Yes,/Yes,/Yes,/Yes,,,/Yes,,,,"Matt Salwasser, Program Manager",06/11/2021,Waymo_060321.pdf,,/Yes,,,,CA,CA,/Yes,/Yes,,,/Yes,,,,,,,,,,,,,,,,,,,,,,/Yes,,,,/Yes,,,,,,,,,,,,,,,,,,,,,,,,,,,,,,,,,,,,,,,,,,,,,,,,,,,,,,,,,,,,,,,,,,,
Waymo LLC,Waymo LLC,CA,06/04/2021,01:18,/ ,2021,Jaguar,I-Pace,CA,Jones Street at Ellis Street,San Francisco,San Francisco,CA,94102,,2,/Yes,Bicycle,/ ,,"A Waymo Autonomous Vehicle (“Waymo AV”) was traveling in manual mode southbound on Jones Street at Ellis Street in San Francisco when a cyclist fell while passing between the Waymo AV and another vehicle. The Waymo AV test driver was traveling approximately 15 MPH and then gradually slowed and came to a stop for a passenger vehicle in its lane making a right turn onto Ellis Street. A cyclist following the Waymo AV at approximately 19 MPH then attempted to pass the Waymo AV on the left side and travel between the Waymo AV’s driver’s side and a faster-moving passenger vehicle in the left adjacent lane. As the cyclist attempted to overtake the Waymo AV and was in turn being overtaken by the adjacent passenger vehicle, the cyclist fell between the two vehicles. As the bicycle was falling, the bicycle’s front tire appears to have made contact with the rear driver’s side wheel of the Waymo AV, and the cyclist appears to have made contact with the side of the other passenger vehicle in the left adjacent lane. The Waymo AV sustained no damage. The passenger vehicle did not stop and left the scene. The cyclist was transported from the scene and reportedly treated for potential head injuries.",/ ,/Yes,,/Yes,,/Yes,,,,,,,,"Matt Salwasser, Program Manager",06/11/2021,Waymo_060421.pdf,,,,,,,,/Yes,,,,,,,,,,/ ,,,,,,,,,,,,,,,,,,/ ,,,,,,,,,,,,,,,,,,,/Yes,,,,,,,,,,,,,,,,,,/ ,,,,,,,,,,/Yes,,,,,,,,,,,,,,/ ,,,,,,,,
Waymo LLC,Waymo LLC,CA,06/11/2021,07:07,,2021,Jaguar,I-Pace,CA,Euclid Avenue at Collins Street,San Francisco,San Francisco,CA,94118,,1,,,,,"A Waymo Autonomous Vehicle (“Waymo AV”) was traveling in manual mode westbound on Euclid Avenue in San Francisco when it was involved in a collision. The test driver failed to properly navigate a roundabout median at Collins Street and made contact with it at approximately 28 MPH. The Waymo AV sustained moderate damage to its front bumper and undercarriage, and the median sustained minor damage. No injuries were reported at the scene.",/ ,/Yes,,/Yes,,/Yes,,,,,,,,"Matt Salwasser, Program Manager",06/21/2021,waymo_061121.pdf,/ ,,/Yes,/Yes,,,,/Yes,,,,,,,,,,/ ,/Yes,/Yes,/Yes,,,/Yes,,,,,,,/Yes,,,,,,,,,,,,,,,/Yes,,,,,,,,,,,,,,,,,,,,,,,,,,,,,,,,,,,,,,,,,,,,,,,,,,,,/Yes,,,,,,,
Waymo LLC,Waymo LLC,CA,06/16/2021,05:48,/ ,2021,Jaguar,I-Pace,CA,McAllister Street and Larkin Street,San Francisco,San Francisco,CA,94102,,2,,Motorized Scooter,/ ,2,"A Waymo Autonomous Vehicle (“Waymo AV”) was traveling in manual mode at the intersection of McAllister Street and Larkin Street in San Francisco when it was involved in a collision. The Waymo AV was initially traveling eastbound on McAllister Street in autonomous mode, approaching the intersection at Larkin Street. When the Waymo AV reached the near-side crosswalk in the dedicated left turn lane, it came to a complete stop at the red traffic light. When the traffic light turned green, the Waymo AV moved forward slightly, partially entering the crosswalk, to begin staging for the turn, yielding to oncoming traffic and other road users. While waiting for an adequate clearance in traffic, the traffic light turned yellow. The Waymo AV remained stopped, declining to proceed into the intersection and make the left turn. While the AV was still stopped, the test driver took over manual control and proceeded to make the left turn. About 4 seconds later, the manually driven Waymo AV made contact with an individual riding a motorized scooter who had entered the crosswalk from the sidewalk at about 10 MPH against both vehicle and pedestrian traffic signals. The motorized scooter was traveling about 6 MPH and the Waymo AV was traveling about 7 MPH at the time of contact. The Waymo AV sustained minor damage to its front license plate. The individual on the motorized scooter appeared to have sustained unknown soft tissue injuries, but left the scene independently.",/ ,/Yes,/Yes,/Yes,/Yes,/Yes,/Yes,,,,,,,"Matt Salwasser, Program Manager",06/25/2021,waymo_061621.pdf,,/Yes,,,,,,/Yes,/Yes,,,,,,,,,/ ,,/Yes,,,,,,,,,,,/Yes,,,,,/ ,,/Yes,,,,,,,,,,,,,,,,,,,,,,,/ ,/Yes,,,,,,,/ ,Motorized Scooter,,,,,,,,,,,,,,,,,,,,,,,,,,,,,/Yes,,,,,,
Waymo LLC,Waymo LLC,CA,06/25/2021,9:50,/ ,2021,Jaguar,I-Pace,CA,Brannan Street at Division Street,San Francisco,San Francisco,CA,94103,/ ,,,BMW 5-Series,/ ,2,"A Waymo Autonomous Vehicle (“Waymo AV”) was traveling in autonomous mode at the intersection of Brannan Street and Division Street in San Francisco when it was involved in a collision. The Waymo AV was stopped in traffic for a red traffic light on southbound Brannan Street at Division Street when a passenger vehicle behind the Waymo AV made contact with the Waymo AV’s rear bumper at approximately less than 1 MPH. The Waymo AV was stationary. The Waymo AV sustained minor damage to its rear bumper, and the passenger vehicle left the scene before exchanging information. No injuries were reported at the scene.",,,,,,/Yes,/Yes,,,/Yes,,,,Karen Isgrigg,07/02/2021,waymo_062521.pdf,,/Yes,,,,,,/Yes,/Yes,,,/Yes,,,/Yes,/Yes,,,,,,,,,,,,,/ ,,,,,/Yes,,,,/Yes,,,,,,,,,,,,,,,,,,,,,,,,,,,,,,,,,,,,,,,,,,,,,,,,,,,,,,,,,,,,,,/Yes,/Yes,,,,
Waymo LLC,Waymo LLC,CA,06/26/2021,12:35,,2021,Jaguar,I-Pace,CA,3023 21st Street,San Francisco,San Francisco,CA,94110,/ ,2,,,/ ,2,"A Waymo Autonomous Vehicle (“Waymo AV”) was traveling in autonomous mode on westbound 21st Street heading toward Shotwell Street in San Francisco when it was involved in a collision. The Waymo AV was stopped behind a passenger vehicle that was double-parked and also was yielding to an oncoming passenger vehicle traveling eastbound on 21st Street. As the oncoming passenger vehicle approached the Waymo AV, it made contact with the Waymo AV’s front bumper at approximately 4 MPH. The Waymo AV was stationary. The Waymo AV sustained minor damage to its front bumper. The passenger vehicle sustained minor damage to its front bumper. No injuries were reported at the scene.",,/Yes,/Yes,,,/Yes,/Yes,,,/Yes,,,,Karen Isgrigg,07/02/2021,waymo_062621.pdf,/ ,/Yes,,/Yes,,CA,,/Yes,/Yes,,,,,,/Yes,/Yes,,,,,,,,,,,,,/ ,,,,,,,,,/Yes,/Yes,,,,,,,,,,,,,,,,,,,,,,,,,,,,,,,,,,,,,,,,,,,,,,,,,,,,,,,,,,,,,,,,,,
Waymo LLC,Waymo LLC,CA,07/09/2021,2:40,/ ,2021,Jaguar,I-Pace,CA,Bush Street and Grant Avenue,San Francisco,San Francisco,CA,94108,/ ,2,,Toyota Corolla,,2,"A Waymo Autonomous Vehicle (“Waymo AV”) operating in San Francisco, California was in a collision involving a passenger vehicle at Bush Street and Grant Avenue. The Waymo AV was stopped in traffic while in autonomous mode when the passenger vehicle approached from behind while changing lanes. The passenger vehicle struck the rear of the stopped Waymo AV traveling at 5.5 miles per hour and left the scene. The left rear bumper of the Waymo AV sustained minor damage.",,/Yes,/Yes,/Yes,/Yes,/Yes,/Yes,,,/Yes,,,,Karen Isgrigg,09/02/2021,waymo_070921.pdf,,,,,,CA,,/Yes,/Yes,,,/Yes,,,,,,,/Yes,,,,,,,,,,/ ,,,/Yes,,,,,,,,,,,,,,,,,,,,,,,,,,,,,,,,,,,,,,,,,,,,,,,,,,,,,,,,,,,,,,,,/Yes,,,,,,,,,
Waymo LLC,Waymo LLC,CA,7/12/2021,3:30,/ ,2017,Chrysler,Pacifica,CA,Broadway Street at Gough Street,San Francisco,San Francisco,CA,94109,,2,,Chevrolet Express,/ ,2,"On July 12, 2021 at 3:10 PM PDT, a Waymo Autonomous Vehicle (“Waymo AV”) was in a collision involving a van at Broadway and Gough Street in San Francisco. The Waymo AV, while in autonomous mode, was waiting to make a left turn and yielding to oncoming traffic, when the test driver (in the driver’s seating position) transitioned to manual mode and proceeded with a left turn manually. During the left turn, an approaching van struck the right side of the Waymo AV. At the time of the impact, the Waymo AV was in manual mode.",/ ,,,/Yes,/Yes,/Yes,/Yes,,,,,,,Karen Isgrigg,,waymo_071221.pdf,,/Yes,,,2006,CA,CA,/Yes,/Yes,,,,,/Yes,,,,/ ,,,,/Yes,/Yes,,,,,,,,,,,,,,,/Yes,/Yes,,,,,,,,,,,,,/Yes,,,,,,,,,,/Yes,,,,,,,,,,,,,,,,,,,,,,,,,,,,,,,,,,,,,,,,,,,
Waymo LLC,Waymo LLC,CA,07/14/2021,4:47,/ ,2021,Jaguar,I-Pace,CA,"2500 Block, Clement St",San Francisco,San Francisco,CA,94121,,2,,Nissan Rouge,/ ,2,"On July 14, 2021 at 4:47 PM PDT, a Waymo Autonomous Vehicle (“Waymo AV”) was proceeding straight westbound on Clement Street in San Francisco, when a passenger vehicle struck the Waymo AV from behind two times. The passenger vehicle then struck the Waymo AV a third time, on the left side of the Waymo AV, as it passed on the left, then immediately fled the scene. The San Francisco Police Department is investigating the event as a criminal act. At the time of the impact, the Waymo AV’s Level 4 ADS was engaged in autonomous mode, and a test driver was present (in the driver’s seating position). ",,/Yes,/Yes,/Yes,/Yes,/Yes,/Yes,,,,,,,Karen Isgrigg,,waymo_071421.pdf,,,,,,CA,,/Yes,/Yes,,,,/Yes,/Yes,,,,/ ,/Yes,,,,,/Yes,,,,,/ ,,,,,,,,,,,,,,/Yes,/Yes,,,,,,,,,,,/Yes,,,,,,,,/Yes,,,,,,,,,/Yes,,,,,,,,,,,,,,,,,,,,,/Yes,,,,,,/Yes,,,,,,
Waymo LLC,Waymo LLC,CA,08/01/2021,4:48,/ ,2021,Jaguar,I-Pace,CA,Cabrillo Street and 23rd Avenue,San Francisco,San Francisco,CA,94121,/ ,1,,,,1,"On August 1, 2021 at 4:48 PM PDT, a Waymo Autonomous Vehicle (“Waymo AV”) operating in San Francisco, California was struck by a bicycle at Cabrillo Street and 23rd Avenue. The Waymo AV had stopped at a stop sign on Cabrillo Street and, when the intersection was clear, began to proceed westbound through the intersection with 23rd Avenue. At approximately the same time, a cyclist traveling northbound ran the stop sign on 23rd Avenue, began to turn right onto Cabrillo Street but immediately veered left to continue northbound across the crosswalk on Cabrillo Street, where it struck the rear driver’s side of the Waymo AV. The cyclist stayed upright and immediately rode away, continuing northbound on 23rd Avenue. The bicycle caused minor scratches and marks on the rear driver’s side bumper of the Waymo AV. The Waymo AV was operating with a driver (in the driver’s seating position), who transitioned the vehicle from autonomous to manual mode approximately 1 second before the impact occurred. At the time of impact, the Waymo AV was in manual mode.",/ ,/Yes,,/Yes,,/Yes,,,,/Yes,,,,Karen Isgrigg,08/11/2021,Waymo_080121.pdf,,/Yes,,,,,,/Yes,,,,,,,,,,,,,,,,,,,,,,,,,,,,,,,,,,,/Yes,,,,,,,,,/Yes,,,,,,,,,,,,,,,,,,,,,/ ,,,,,,,,,,,,,,,,,,,,,,,,,,,,,,,,